Andhra Pradesh*Assam*Bihar*Chandigarh*Chhattisgarh*Delhi*Gujarat*Haryana*Karnataka*Kerala*Madhya Pradesh*Maharashtra*Punjab*Rajasthan*Tamil Nadu*Uttar Pradesh*West Bengal
**Andhra Pradesh->Hyderabad Urban*Visakapatnam**Assam->Kamprup**Bihar->Patna**Chandigarh->Chandigarh**Chhattisgarh->Raipur**Delhi->Delhi**Gujarat->Ahemadabad*Surat*Vadodar**Haryana->Gurgaon**Karnataka->Bangalore Urban*Mysore**Kerala->Ernakulam*Thiruvananthapuram**Madhya Pradesh->Indore**Maharashtra->Greater Bombay*Mumabai*Nagpur*Nashik*Pune*Thane**Punjab->Ludhiana**Rajasthan->Jaipur*Jodhapur**Tamil Nadu->Chennai*Coimbatore**Uttar Pradesh->Gautam Bodda Nagar*Lucknow**West Bengal->Kolkata**
**Andhra Pradesh->Hyderabad Urban->Hyderabad**Andhra Pradesh->Visakapatnam->Vishakhapatnam**Assam->Kamprup->Guwahati**Bihar->Patna->Patna**Chandigarh->Chandigarh->Chandigarh**Chhattisgarh->Raipur->Raipur**Delhi->Delhi->Basant Lok, New Delhi*Greater Kailash, New Delhi*Main Branch, New Delhi*Punjabi Bagh, New Delhi*South Extension, New Delhi**Gujarat->Ahemadabad->Ahmedabad**Gujarat->Surat->Surat**Gujarat->Vadodar->Vadodara**Haryana->Gurgaon->Gurgaon**Karnataka->Bangalore Urban->Jayanagar, Bangalore*Main Branch, Bangalore**Karnataka->Mysore->Mysore**Kerala->Ernakulam->Kochi**Kerala->Thiruvananthapuram->Trivandrum**Madhya Pradesh->Indore->Indore**Maharashtra->Greater Bombay->Andheri, Mumbai*Bandra, Mumbai*Borivali, Mumbai*Chembur, Mumbai*Juhu, Mumbai*Lokhandwala, Mumbai*Main Branch, Mumbai*Payments Division*Peddar Road, Mumbai*Powai, Mumbai**Maharashtra->Mumabai->Payments Division*Rtgs-ho**Maharashtra->Nagpur->Nagpur**Maharashtra->Nashik->Nasik**Maharashtra->Pune->Bhandarkar Road, Pune*Pune**Maharashtra->Thane->Thane**Punjab->Ludhiana->Ludhiana**Rajasthan->Jaipur->Jaipur**Rajasthan->Jodhapur->Jodhpur**Tamil Nadu->Chennai->Adyar, Chennai*Main Branch, Chennai**Tamil Nadu->Coimbatore->Coimbatore**Uttar Pradesh->Gautam Bodda Nagar->Noida (u.p.)**Uttar Pradesh->Lucknow->Lucknow**West Bengal->Kolkata->Gariahat,kolkata*Howrah, Kolkata*Main Branch, Kolkata*New Alipore, Kolkata*Salt Lake, Kolkata*Shakespeare Sarani, Kolkata*Ultadanga, Kolkata**
**Andhra Pradesh->Hyderabad Urban->Hyderabad->6-3-1107 & 1108, Raj Bhavan Road, Somajiguda, Hyderabad 500 082*Rahul Varma Ph: 9885843434 E-mail: Rahulvarma@hsbc.co.in*HSBC0500002*500039002**Andhra Pradesh->Visakapatnam->Vishakhapatnam->Vinayagar Paradise, Door No. 10-1-38/b, Waltair Uplands, T.b. Road, Visakhapatnam 530 003*Srinivas Mendu Ph: 9830144044 E-mail: Srinivasmendu@hsbc.co.in*HSBC0530002*530039001**Assam->Kamprup->Guwahati->G.s.road, Bhangagarh, Guwahati, Assam - 781005*9706000101*HSBC0781002*781039002**Bihar->Patna->Patna->Kataruka Niwas, South Gandhi Maidan, Patna 800001*Arshad Rasheed Ph: 9835033144 E-mail: Arshadrasheed@hsbc.co.in*HSBC0800002*800039002**Chandigarh->Chandigarh->Chandigarh->Sco 1, Sector 9-d, Chandigarh 160 017*Sachin Vinayak Ph: 9888877711 E-mail: Sachinvinayak@hsbc.co.in*HSBC0160002*160039002**Chhattisgarh->Raipur->Raipur->D M Plaza, Holding No. 8/127, Moulana Abdul Rauf Ward No.36, Fire Brigade Chowk, Chhotapara, Raipur - 492001*Ajay Sondhi Ph: 9826954111 E-mail: Ajaysondhi@hsbc.co.in*HSBC0492002*492039002**Delhi->Delhi->Basant Lok, New Delhi->No. 12, Basant Lok, New Delhi 110 057*Jyotin Jyohar Ph: 9899266550 E-mail: Jyotinjauhar@hsbc.co.in*HSBC0110008*110039008**Delhi->Delhi->Greater Kailash, New Delhi->R-47, Greater Kailash-i, New Delhi 110 048*Charu Sethi Ph: 9999038809 E-mail: Charusethi@hsbc.co.in*HSBC0110006*110039006**Delhi->Delhi->Main Branch, New Delhi->No. 25, Barakhamba Road, New Delhi 110 001*Vipin C Barthwal Ph: 9873174319 E-mail: Vipincbarthwal@hsbc.co.in*HSBC0110002*110039002**Delhi->Delhi->Punjabi Bagh, New Delhi->Central Market, Punjabi Bagh (west), New Delhi - 110023*Karan Johar Ph: 9899262163 E-mail: Karanjohar@hsbc.co.in*HSBC0110009*110039009**Delhi->Delhi->South Extension, New Delhi->F-43, South Extension - I, New Delhi 110 049*Roshini Anand Ph: 9899974314 E-mail: Roshinianand@hsbc.co.in*HSBC0110004*110039004**Gujarat->Ahemadabad->Ahmedabad->Mardia Plaza,, C G Road, Ahmedabad 380 006*Rohit Sinha Ph: 9925006656 E-mail: Rohitsinha@hsbc.co.in*HSBC0380002*380039002**Gujarat->Surat->Surat->Riddhi Plaza, Opposite Kribhco Township, Hazira, Surat District, Gujarat-394510*9919003028*HSBC0395003*395039003**Gujarat->Vadodar->Vadodara->?sheel?, 1 / 2 Kalpana Society, Inox Multiplex Road, Race Course Circle,, Vadodara 390 007*Amit Marathe Ph: 9979044222 E-mail: Amitmarathe@hsbc.co.in*HSBC0390002*390039002**Haryana->Gurgaon->Gurgaon->Jmd Regent Square, Gurgaon-mehrauli Road, Dlf Phas Ii, Gurgaon 122 001*Nidhie Grewal Ph: 9811403521 E-mail: Nidhiegrewal@hsbc.co.in*HSBC0110005*110039005**Karnataka->Bangalore Urban->Jayanagar, Bangalore->Hsbc, No. 84, Gandhi Bazar Main Road, Basavanagudi, Bangalore - 560 004*Harish Raghu Ph: 9845375797 E-mail: Harishraghu@hsbc.co.in*HSBC0560003*560039003**Karnataka->Bangalore Urban->Main Branch, Bangalore->No. 7, Mahatma Gandhi Road, Bangalore 560 001*Ravi Sadangi Ph: 9880915977 E-mail: Ravisadangi@hsbc.co.in*HSBC0560002*560039002**Karnataka->Mysore->Mysore->1, Kalidasa Road, Jayalakshmi Puram, Mysore-570002*Ramakrishna Bhagavan Ph: 9845145170 E-mail: Ramakrishnabhagavan@hsbc.co.in*HSBC0570002*570039002**Kerala->Ernakulam->Kochi->Hsbc,pulikkal Estate, M G Road,pallimukku,kochi - 682 016*Kedar Tipnis Ph: 99464 45443 E-mail: Kedartipnis@hsbc.co.in*HSBC0682002*682039002**Kerala->Thiruvananthapuram->Trivandrum->Diamond Hill, Vellayambalam, Trivandrum 695 010*Sayan Bhattacharyya Ph: 9846894501 E-mail: Sayanbhattacharya@hsbc.co.in*HSBC0695002*695039002**Madhya Pradesh->Indore->Indore->Darshan Mall, Upper Ground Floor, 15/2, Race Course Road, Indore 452 001*Unmesh Gogwekar Ph: 9993099900 E-mail: Unmeshgogwekar@hsbc.co.in*HSBC0452002*452039002**Maharashtra->Greater Bombay->Andheri, Mumbai->Hsbc, Plot No. 139-140 B, Western Express Highway, Sahar Road Junction, Vile Parle (east), Mumbai - 400 057*Anand Kinjawadekar Ph: 9920607799 E-mail: Kanand@hsbc.co.in*HSBC0400003*400039003**Maharashtra->Greater Bombay->Bandra, Mumbai->Hsbc Centre, Dr Ambedkar Road, Bandra (west), Mumbai 400 050*Pravin Dwivedi Ph: 9820188489 E-mail: Pravinkumardwivedi@hsbc.co.in*HSBC0400004*400039004**Maharashtra->Greater Bombay->Borivali, Mumbai->Siddharth Arcade, L T Road - Factory Lane Junction, Borivli (west), Mumbai 400 092*Rajesh Subramanian Ph: 9833397494 E-mail: Rajeshsubramanian@hsbc.co.in*HSBC0400005*400039005**Maharashtra->Greater Bombay->Chembur, Mumbai->Mercantile Apartments, Dr Choitram Gidwani Road, Chembur, Mumbai 400 074*Rahul Chopra Ph: 9820282220 E-mail: Rahulchopra@hsbc.co.in*HSBC0400006*400039006**Maharashtra->Greater Bombay->Juhu, Mumbai->Eden Square, Plot No. 3/1, N.s. Road No. 10, Jvpd Scheme, Juhu, Vile Parle (west), Mumbai - 400 049*Anurag Shirvadkar Ph: 9819926026 E-mail: Anuragshirvadkar@hsbc.co.in*HSBC0400008*400039008**Maharashtra->Greater Bombay->Lokhandwala, Mumbai->E-2/3/4, Manish Garden, Ground Floor, J P Road, Andheri (w), Mumbai 400 053*Pearl Fernandes Ph: 9821910999 E-mail: Pearlfernandes@hsbc.co.in*HSBC0400010*400039010**Maharashtra->Greater Bombay->Main Branch, Mumbai->52/60, M.g. Road, Mumbai 400 001*X*HSBC0400002*400039002**Maharashtra->Greater Bombay->Payments Division->52/60, M.g Road, Mumbai -400 001*X*HSBC01INDIA*X**Maharashtra->Greater Bombay->Peddar Road, Mumbai->Asha Mahal, 46 B, Dr G Deshmukh Marg, Mumbai 400 026*Vivek Pandey Ph: 9819834210 E-mail: Vivekpandey@hsbc.co.in*HSBC0400007*400039007**Maharashtra->Greater Bombay->Powai, Mumbai->Prudential House, Ground Floor, Hiranandani Business Park, Powai, Mumbai 400 076*Madhuri Daftardar Ph: 9820129197 E-mail: Madhuridaftardar@hsbc.co.in*HSBC0400012*400039012**Maharashtra->Mumabai->Payments Division->52 By 60,m.g.road,mumbai 400 001*X*HSBC03INDIA*X**Maharashtra->Mumabai->Rtgs-ho->52/60, M G Road, Fort, Mumbai 400 001*0*HSBC0RTGSMI*X**Maharashtra->Nagpur->Nagpur->Shriram Shyam Towers, S V Patel Road, Kingsway, Nagpur - 440 001*Jitendra Jain Ph: 9822932876 E-mail: Jitendrajain@hsbc.co.in*HSBC0440002*440039002**Maharashtra->Nashik->Nasik->Deolali Centre Mall, Survey No 27-e, House No 27, Lam Road, Deolali Camp, Nasik District, Maharashtra-422401.*9822932876*HSBC0422002*422039002**Maharashtra->Pune->Bhandarkar Road, Pune->Pradeep Chambers, Bhandarkar Road, Shivaji Nagar, Pune - 411 004*Vivek Pandohi Ph: 9960611228 E-mail: Vivekpandohi@hsbc.co.in*HSBC0411003*411039003**Maharashtra->Pune->Pune->Amar Avinash Corporate City, Sector No. 11, Bund Garden Road, Pune 411 011*Prashant Khanna Ph: 9822220065 E-mail: Prashantkhanna@hsbc.co.in*HSBC0411002*411039002**Maharashtra->Thane->Thane->Ish Krupa, Ram Maruti Road, Naupada, Thane (west) 400 602*X*HSBC0400011*400039011**Punjab->Ludhiana->Ludhiana->Ludhiana Stock Exchange Building, Gr Floor, Feroze Gandhi Market, Ludhiana 141 001*Virendra Virmani Ph: 9888054647 E-mail: Virendravirmani@hsbc.co.in*HSBC0141002*141039002**Rajasthan->Jaipur->Jaipur->61-a, Vasanti Building, Sardar Patel Marg, C- Scheme, Jaipur 302 001*Vipul Marwaha Ph: 99826 82600 E-mail: Vipulmarwaha@hsbc.co.in*HSBC0302002*302039002**Rajasthan->Jodhapur->Jodhpur->Plot No. C - 43a (2), Pwd Colony, Jodhpur - 342001*Pawanjit Gakhar Ph: 9888905550 E-mail: Pawanjitgakhar@hsbc.co.in*HSBC0342002*342039002**Tamil Nadu->Chennai->Adyar, Chennai->Rajalakshmi Palace, No 43, I Main Road, Adyar, Chennai 600 020*P V Sumita Ph: 9899697340 E-mail: Pvsumita@hsbc.co.in*HSBC0600003*600039003**Tamil Nadu->Chennai->Main Branch, Chennai->96, Dr Radhakrishnan Salai, Mylapore, Chennai 600 004*Stephen Dique Ph: 9176699935 E-mail: Stephendique@hsbc.co.in*HSBC0600002*600039002**Tamil Nadu->Coimbatore->Coimbatore->Srivari Gokul Towers, 108, Race Course Road, Coimbatore 641 018*Rajeev Menon Ph: 9994900069 E-mail: Rajeevmenon@rediffmail.com*HSBC0641002*641039002**Uttar Pradesh->Gautam Bodda Nagar->Noida (u.p.)->K 14-18, Sector 18, Gautam Budh Nagar, Noida 201 301*Nitin Mathur Ph: 9999199860 E-mail: Nitinmathur@hsbc.co.in*HSBC0110007*110039007**Uttar Pradesh->Lucknow->Lucknow->1, Shahnajaf Road, Opp. Saharaganj Mall, Lucknow 226001*Nazaf Rizvi Ph: 9919003018 E-mail: Najafrizvi@hsbc.co.in*HSBC0226002*226039002**West Bengal->Kolkata->Gariahat,kolkata->Hsbc, Fort Terrazo, No. 5, Ramani Chatterjee Road, Kolkata 700 029*Rakesh Singh Ph: 9830010132 E-mail: Rakesh1singh@hsbc.co.in*HSBC0700005*700039005**West Bengal->Kolkata->Howrah, Kolkata->No. 21, Grand Trunk Road (south), Howrah 711 101*Parthasarathy Ganguly Ph: 9836417170 E-mail: Parthasarathiganguly@hsbc.co.in*HSBC0700006*700039006**West Bengal->Kolkata->Main Branch, Kolkata->31 Bbd Bagh, Dalhousie Square, Kolkata 700 001*Suvashis Halder Ph: 9830675144 E-mail: Suvashishalder@hsbc.co.in*HSBC0700004*700039004**West Bengal->Kolkata->New Alipore, Kolkata->375, Block `g?, New Alipore, Kolkata 700 053*Achal Jaiswal Ph: 9830267077 E-mail: Achaljaiswal@hsbc.co.in*HSBC0700013*700039013**West Bengal->Kolkata->Salt Lake, Kolkata->Ec-18, Sector 1, Opp. City Centre, Salt Lake City, Kolkata 700 064*Yuvraj Singh Johar Ph: 9830666022 E-mail: Yuvrajsinghjohar@hsbc.co.in*HSBC0700012*700039012**West Bengal->Kolkata->Shakespeare Sarani, Kolkata->Jasmine Towers, 31, Shakespeare Sarani, Kolkata 700 017*Praveen Chandna Ph: 9836561104 E-mail: Praveenchandna@hsbc.co.in*HSBC0700010*700039010**West Bengal->Kolkata->Ultadanga, Kolkata->P-158,, Nazrul Islam Avenue, Kolkata 700 054*Rahul Ghosh Ph: 9830125266 E-mail: Rahulghosh@hsbc.co.in*HSBC0700008*700039008**